numIter,CCR,MAE,NH,CompTime
1,0.750000,0.303030,2,43.105924
2,0.757576,0.295455,2,43.707960
3,0.750000,0.325758,2,44.347971
