numIter,CCR,MAE,NH,CompTime
1,0.772727,0.280303,32,31.300865
2,0.734848,0.340909,32,31.798644
3,0.757576,0.318182,32,32.305562
